{"cameraMode":{"drawMode":0,"name":"Shaded","section":"Shading Mode"},"sceneLighting":false,"audioPlay":false,"sceneViewState":{"m_AlwaysRefresh":false,"showFog":true,"showSkybox":false,"showFlares":true,"showImageEffects":true,"showParticleSystems":true,"showVisualEffectGraphs":true,"m_FxEnabled":true},"in2DMode":false,"pivot":{"x":6.446794509887695,"y":1.166284203529358,"z":0.4666544198989868},"rotation":{"x":0.23174983263015748,"y":-0.23985105752944947,"z":0.059075530618429187,"w":0.9408968091011047},"size":3.2612621784210207,"orthographic":true}