{"cameraMode":{"drawMode":0,"name":"Shaded","section":"Shading Mode"},"sceneLighting":false,"audioPlay":false,"sceneViewState":{"m_AlwaysRefresh":false,"showFog":true,"showSkybox":false,"showFlares":true,"showImageEffects":true,"showParticleSystems":true,"showVisualEffectGraphs":true,"m_FxEnabled":true},"in2DMode":false,"pivot":{"x":-0.7350000143051148,"y":2.5634191036224367,"z":5.843999862670898},"rotation":{"x":-0.2402004599571228,"y":-0.33994725346565249,"z":0.09026060998439789,"w":-0.9047729969024658},"size":0.7117284536361694,"orthographic":true}