{"cameraMode":{"drawMode":0,"name":"Shaded","section":"Shading Mode"},"sceneLighting":false,"audioPlay":false,"sceneViewState":{"m_AlwaysRefresh":false,"showFog":true,"showSkybox":false,"showFlares":true,"showImageEffects":true,"showParticleSystems":true,"showVisualEffectGraphs":true,"m_FxEnabled":true},"in2DMode":false,"pivot":{"x":-0.2490507960319519,"y":1.8796685934066773,"z":7.260000228881836},"rotation":{"x":-0.07763426005840302,"y":0.08572456985712052,"z":-0.006689444649964571,"w":-0.9932847023010254},"size":0.25085824728012087,"orthographic":true}