{"cameraMode":{"drawMode":0,"name":"Shaded","section":"Shading Mode"},"sceneLighting":false,"audioPlay":false,"sceneViewState":{"m_AlwaysRefresh":false,"showFog":true,"showSkybox":false,"showFlares":true,"showImageEffects":true,"showParticleSystems":true,"showVisualEffectGraphs":true,"m_FxEnabled":true},"in2DMode":false,"pivot":{"x":-1.3298215866088868,"y":0.764792799949646,"z":8.06700325012207},"rotation":{"x":0.0862605944275856,"y":0.02690138667821884,"z":-0.0023220055736601354,"w":0.9959223866462708},"size":3.5014641284942629,"orthographic":false}