{"cameraMode":{"drawMode":0,"name":"Shaded","section":"Shading Mode"},"sceneLighting":false,"audioPlay":false,"sceneViewState":{"m_AlwaysRefresh":false,"showFog":true,"showSkybox":false,"showFlares":true,"showImageEffects":true,"showParticleSystems":true,"showVisualEffectGraphs":true,"m_FxEnabled":true},"in2DMode":false,"pivot":{"x":-0.27393585443496706,"y":0.012049779295921326,"z":0.5661795735359192},"rotation":{"x":-0.26743367314338686,"y":-0.6194243431091309,"z":0.2369796633720398,"w":-0.699031412601471},"size":0.1398664116859436,"orthographic":false}