{"cameraMode":{"drawMode":0,"name":"Shaded","section":"Shading Mode"},"sceneLighting":false,"audioPlay":false,"sceneViewState":{"m_AlwaysRefresh":false,"showFog":true,"showSkybox":false,"showFlares":true,"showImageEffects":true,"showParticleSystems":true,"showVisualEffectGraphs":true,"m_FxEnabled":true},"in2DMode":false,"pivot":{"x":0.07192248106002808,"y":-0.39586687088012698,"z":3.7859292030334474},"rotation":{"x":0.008206388913094998,"y":-0.9581677913665772,"z":0.28478020429611208,"w":0.02759774588048458},"size":3.862157106399536,"orthographic":false}