{"cameraMode":{"drawMode":0,"name":"Shaded","section":"Shading Mode"},"sceneLighting":false,"audioPlay":false,"sceneViewState":{"m_AlwaysRefresh":false,"showFog":true,"showSkybox":false,"showFlares":true,"showImageEffects":true,"showParticleSystems":true,"showVisualEffectGraphs":true,"m_FxEnabled":true},"in2DMode":false,"pivot":{"x":-0.9241093397140503,"y":1.9296464920043946,"z":3.0099563598632814},"rotation":{"x":0.39678001403808596,"y":0.18362177908420564,"z":-0.08137961477041245,"w":0.8957214951515198},"size":2.9675676822662355,"orthographic":false}