{"cameraMode":{"drawMode":0,"name":"Shaded","section":"Shading Mode"},"sceneLighting":false,"audioPlay":false,"sceneViewState":{"m_AlwaysRefresh":false,"showFog":true,"showSkybox":false,"showFlares":true,"showImageEffects":true,"showParticleSystems":true,"showVisualEffectGraphs":true,"m_FxEnabled":true},"in2DMode":false,"pivot":{"x":0.2831000089645386,"y":1.8949999809265137,"z":7.21619987487793},"rotation":{"x":-0.07763426005840302,"y":0.08572456985712052,"z":-0.006689444649964571,"w":-0.9932847023010254},"size":0.2532122731208801,"orthographic":true}