{"cameraMode":{"drawMode":0,"name":"Shaded","section":"Shading Mode"},"sceneLighting":false,"audioPlay":false,"sceneViewState":{"m_AlwaysRefresh":false,"showFog":true,"showSkybox":false,"showFlares":true,"showImageEffects":true,"showParticleSystems":true,"showVisualEffectGraphs":true,"m_FxEnabled":true},"in2DMode":false,"pivot":{"x":-0.24566151201725007,"y":1.720857858657837,"z":7.270820140838623},"rotation":{"x":0.07646681368350983,"y":-0.19171005487442017,"z":0.014983776956796646,"w":0.9783543944358826},"size":0.16486229002475739,"orthographic":true}