{"cameraMode":{"drawMode":0,"name":"Shaded","section":"Shading Mode"},"sceneLighting":false,"audioPlay":false,"sceneViewState":{"m_AlwaysRefresh":false,"showFog":true,"showSkybox":false,"showFlares":true,"showImageEffects":true,"showParticleSystems":true,"showVisualEffectGraphs":true,"m_FxEnabled":true},"in2DMode":false,"pivot":{"x":-2.187999725341797,"y":0.8079618215560913,"z":3.7109999656677248},"rotation":{"x":-0.2402004599571228,"y":-0.33994725346565249,"z":0.09026060998439789,"w":-0.9047729969024658},"size":1.0820380449295045,"orthographic":true}