{"cameraMode":{"drawMode":0,"name":"Shaded","section":"Shading Mode"},"sceneLighting":false,"audioPlay":false,"sceneViewState":{"m_AlwaysRefresh":false,"showFog":true,"showSkybox":false,"showFlares":true,"showImageEffects":true,"showParticleSystems":true,"showVisualEffectGraphs":true,"m_FxEnabled":true},"in2DMode":false,"pivot":{"x":0.9861334562301636,"y":0.9935595989227295,"z":-0.01066426932811737},"rotation":{"x":0.04491448029875755,"y":0.8067277669906616,"z":-0.06183523312211037,"w":0.5859695076942444},"size":1.9096555709838868,"orthographic":false}