{"cameraMode":{"drawMode":0,"name":"Shaded","section":"Shading Mode"},"sceneLighting":false,"audioPlay":false,"sceneViewState":{"m_AlwaysRefresh":false,"showFog":true,"showSkybox":false,"showFlares":true,"showImageEffects":true,"showParticleSystems":true,"showVisualEffectGraphs":true,"m_FxEnabled":true},"in2DMode":false,"pivot":{"x":-0.5190749764442444,"y":-0.19097158312797547,"z":-0.2566753029823303},"rotation":{"x":0.07484693080186844,"y":-0.8531129956245422,"z":0.12762689590454102,"w":0.5003098845481873},"size":0.696365237236023,"orthographic":false}