{"cameraMode":{"drawMode":0,"name":"Shaded","section":"Shading Mode"},"sceneLighting":false,"audioPlay":false,"sceneViewState":{"m_AlwaysRefresh":false,"showFog":true,"showSkybox":false,"showFlares":true,"showImageEffects":true,"showParticleSystems":true,"showVisualEffectGraphs":true,"m_FxEnabled":true},"in2DMode":false,"pivot":{"x":-0.07393020391464234,"y":0.7089999914169312,"z":1.1583670377731324},"rotation":{"x":0.22299867868423463,"y":-0.25809305906295779,"z":0.06135605648159981,"w":0.9380303025245667},"size":2.0701539516448976,"orthographic":false}